{
  "classes": [
    {
      "id": "95036e9b-7822-47ae-a00a-27cdee1fd743",
      "classname": "qwd",
      "text": "qwdqw"
    },
    {
      "id": "6129793b-2448-4621-9413-1ad36b26d9be",
      "classname": "cccccccccc",
      "text": ""
    },
    {
      "id": "5d9f0ab2-4770-4ea8-9678-7d493dafd8c5",
      "classname": "xxxxxxx",
      "text": ""
    },
    {
      "id": "39e8273c-a9c5-4651-a748-8b5e7e879158",
      "classname": "wwwww",
      "text": ""
    },
    {
      "id": "c31db769-3929-48ae-8311-9d34e75d9373",
      "classname": "fff",
      "text": ""
    },
    {
      "id": "285d9514-22c3-4885-bf4c-5680457b5123",
      "classname": "yyy",
      "text": ""
    }
  ],
  "students": [
    {
      "id": "fa85ffcf-71a3-4ffd-abd0-bc160de29308",
      "c_id": "8ad5e5f6-0f78-4b4a-a67f-0a70cc7eb189",
      "lastname": "dede",
      "firstname": "wdqw",
      "date": "2021-10-02"
    },
    {
      "id": "02a63637-a480-4910-ba29-dd01e0128782",
      "c_id": "920a006d-2505-4dc5-87bc-21a01282be80",
      "lastname": "Maurya",
      "firstname": "Vishnu ",
      "date": "2021-09-24"
    },
    {
      "id": "15f06bbb-6f8e-4b15-b75a-ef3b4e7f993a",
      "c_id": "920a006d-2505-4dc5-87bc-21a01282be80",
      "lastname": "vishnu",
      "firstname": "mauray",
      "date": "2021-09-03"
    },
    {
      "id": "749d55d7-f5fb-45de-8f01-e7cd75545ca2",
      "firstname": "Mahesh",
      "lastname": " Maurya",
      "date": "2021-09-11"
    },
    {
      "id": "977fee04-9951-4c40-90cc-58afaa367952",
      "c_id": "1c00a522-3999-4bc8-87ec-d38cda3f6c79",
      "lastname": "Maurya",
      "firstname": "Mahesh",
      "date": "2021-09-01"
    },
    {
      "id": "392016c4-ba27-465b-98c5-f4231fb02d58",
      "c_id": "99748f3f-c5dd-459f-a3b5-d38f1b91563b",
      "lastname": "Maurya",
      "firstname": "Mahesh",
      "date": "2021-09-24"
    }
  ]
}